l_spanish:
 terrain_chicago_illinois: "Chicago, Estados Unidos"
 terrain_berlin: "Berlín, Alemania"
 terrain_aleppo_citadel_syria: "Alepo, Siria"
 terrain_jerusalem: "Jerusalén, En disputa"
 terrain_mecca: "La Meca, Arabia Saudita"
 terrain_paris: "París, Francia"
 terrain_rio_de_janiero: "Río de Janeiro, Brasil"
 terrain_lisbon: "Lisboa, Portugal"
 terrain_london: "Londres, Reino Unido"
 terrain_moscow: "Moscú, Rusia"
 terrain_hong_kong: "Hong Kong, China"
 terrain_singapore: "Singapur"
 terrain_shanghai: "Shanghái, China"
 terrain_fuzhou: "Fuzhou, China"
 terrain_beijing: "Pekín, China"
 terrain_athens: "Atenas, Grecia"
 terrain_istanbul: "Estambul, Turquía"
 terrain_buenos_aires: "Buenos Aires, Argentina"
 terrain_cordoba: "Córdoba, Argentina"
 terrain_yerevan: "Ereván, Armenia"
 terrain_adelaide: "Adelaida, Australia"
 terrain_brisbane: "Brisbane, Australia"
 terrain_canberra: "Canberra, Australia"
 terrain_melbourne: "Melbourne, Australia"
 terrain_perth: "Perth, Australia"
 terrain_sydney: "Sídney, Australia"
 terrain_mt_uluru: "Montaña Uluru, Australia"
 terrain_vienna: "Viena, Austria"
 terrain_graz: "Graz, Austria"
 terrain_baku: "Bakú, Azerbaiyán"
 terrain_manama: "Manama, Baréin"
 terrain_nsa_bahrain: "Baréin"
 terrain_chittagong: "Chittagong, Bangladesh"
 terrain_dhaka: "Daca, Bangladesh"
 terrain_brussels: "Bruselas, Bélgica"
 terrain_belmopan: "Belmopán, Belice"
 terrain_la_paz: "La Paz, Bolivia"
 terrain_plovdiv: "Plovdiv, Bulgaria"
 terrain_sofia: "Sofía, Bulgaria"
 terrain_brasilia: "Brasilia, Brasil"
 terrain_fortaleza: "Fortaleza, Brasil"
 terrain_manaus: "Manaus, Brasil"
 terrain_porto_algre: "Porto Alegre, Brasil"
 terrain_recife: "Recife, Brasil"
 terrain_salvador: "Salvador, Brasil"
 terrain_sao_jose_dos_campos: "São José dos Campos, Brasil"
 terrain_sao_paulo: "São Paulo, Brasil"
 terrain_ouagadougou: "Uagadugú, Burkina Faso"
 terrain_bujumbura: "Buyumbura, Burundi"
 terrain_douala: "Duala, Camerún"
 terrain_yaounde: "Yaundé, Camerún"
 terrain_montreal: "Montreal, Canadá"
 terrain_ottawa: "Ottawa, Canadá"
 terrain_quebec: "Quebec, Canadá"
 terrain_toronto: "Toronto, Canadá"
 terrain_vancouver: "Vancouver, Canadá"
 terrain_victoria: "Victoria, Canadá"
 terrain_hamilton: "Hamilton, Canadá"
 terrain_phnom_penh: "Nom Pen, Camboya"
 terrain_ndjamena: "Yamena, Chad"
 terrain_chongqing: "Chongqing, China"
 terrain_hangzhou: "Hangzhou, China"
 terrain_harbin: "Harbin, China"
 terrain_shenzhen: "Shenzhen, China"
 terrain_tianjin: "Tianjin, China"
 terrain_xiamen: "Xiamen, China"
 terrain_guangzhou: "Cantón, China"
 terrain_chengdu: "Chengdu, China"
 terrain_zhengzhou: "Zhengzhou, China"
 terrain_xining: "Xining, China"
 terrain_xian: "Xi`an, China"
 terrain_wuxi: "Wuxi, China"
 terrain_wuhan: "Wuhan, China"
 terrain_wenzhou: "Wenzhou, China"
 terrain_taiyuan: "Taiyuan, China"
 terrain_shijiazhuang: "Shjiazhuang, China"
 terrain_shenyang: "Shenyang, China"
 terrain_qingdao: "Qingdao, China"
 terrain_nanning: "Nanning, China"
 terrain_nanchang: "Nanchang, China"
 terrain_kunming: "Kunming, China"
 terrain_guiyang: "Guiyang, China"
 terrain_dalian: "Dalian, China"
 terrain_changsha: "Changsha, China"
 terrain_urumqi: "Urumqi, China"
 terrain_bengbu: "Bengbu, China"
 terrain_changde: "Changde, China"
 terrain_jinghong: "Jinghong, China"
 terrain_panzhiua: "Panzhihua, China"
 terrain_lanzhou: "Lanzhou, China"
 terrain_taizhou: "Taizhou, China"
 terrain_yiwu: "Yiwu, China"
 terrain_huaian: "Huaian, China"
 terrain_hefei: "Hefei, China"
 terrain_xuzhou: "Xuzhou, China"
 terrain_jining: "Jining, China"
 terrain_xinxiang: "Xinxiang, China"
 terrain_handan: "Handan, China"
 terrain_luoyang: "Luoyang, China"
 terrain_xiaogan: "Xiaogan, China"
 terrain_shantou: "Shantou, China"
 terrain_zhangpu: "Zhangpu, China"
 terrain_ningbo: "Ningbo, China"
 terrain_cixi: "Cixi, China"
 terrain_shaoxing: "Shaoxing, China"
 terrain_yancheng: "Yancheng, China"
 terrain_lianyungang: "Lianyungang, China"
 terrain_yantai: "Yantai, China"
 terrain_rongcheng: "Rongcheng, China"
 terrain_dandong: "Dandong, China"
 terrain_anshan: "Anshan, China"
 terrain_chaoyang: "Chaoyang, China"
 terrain_xilinghot: "Xilinghot, China"
 terrain_qiqihar: "Qiqihar, China"
 terrain_yanji: "Yanji,China"
 terrain_changchun: "Changchun, China"
 terrain_chifeng: "Chifeng, China"
 terrain_hohhot: "Hohhot, China"
 terrain_ordos: "Ordos, China"
 terrain_meishan: "Meishan, China"
 terrain_luzhou: "Luzhou, China"
 terrain_lijiang: "Lijiang, China"
 terrain_lhasa: "Lhasa, China"
 terrain_korla: "Korla, China"
 terrain_kashgar: "Kashgar, China"
 terrain_xiangyang: "Xiangyang, China"
 terrain_wenchang: "Wenchang, China"
 terrain_haikou: "Haikou, China"
 terrain_quanzhou: "Quanzhou, China"
 terrain_shuyang: "Shuyang, China"
 terrain_linyi: "Linyi, China"
 terrain_tangshan: "Tangshan, China"
 terrain_nanjing: "Nanjing, China"
 terrain_jinan: "Jinan, China"
 terrain_changzhou: "Changzhou, China"
 terrain_zibo: "Zibo, China"
 terrain_santiago: "Santiago, Chile"
 terrain_bogota: "Bogota, Colombia"
 terrain_barranquilla: "Barranquilla, Colombia"
 terrain_medellin: "Medellin, Colombia"
 terrain_brazzaville: "Brazzaville, Congo"
 terrain_san_jose: "San jose, Costa Rica"
 terrain_abidjan: "Abidjan, Cote d'Ivoire"
 terrain_yamoussoukro: "Yamoussoukro, Cote d'Ivoire"
 terrain_havana: "Havana, Cuba"
 terrain_zagreb: "Zagreb, Croatia"
 terrain_prague: "Praga, República Checa"
 terrain_ostrava: "Ostrava, República Checa"
 terrain_brno: "Brno, República Checa"
 terrain_copenhagen: "Copenhagen, Denmark"
 terrain_santo_domingo: "Santo domingo, Dominican Republic"
 terrain_kinshasa: "Kinshasa, DR Congo"
 terrain_lubumbashi: "Lubumbashi, DR Congo"
 terrain_kananga: "Kananga, DR Congo"
 terrain_kisangani: "Kisangani, DR Congo"
 terrain_mbuji_mayi: "Mbuji mayi, DR Congo"
 terrain_quito: "Quito, Ecuador"
 terrain_guayaquil: "Guayaquil, Ecuador"
 terrain_alexandria: "Alexandria, Egypt"
 terrain_cairo: "Cairo, Egypt"
 terrain_giza: "Giza, Egypt"
 terrain_san_salvador: "San salvador, El Salvador"
 terrain_tallinn: "Tallinn, Estonia"
 terrain_asmara: "Asmara, Eritrea"
 terrain_addis_ababa: "Addis ababa, Ethiopia"
 terrain_helsinki: "Helsinki, Finland"
 terrain_turku: "Turku, Finland"
 terrain_lyon: "Lyon, France"
 terrain_nantes: "Nantes, France"
 terrain_bordeaux: "Bordeaux, France"
 terrain_lille: "Lille, France"
 terrain_marseille: "Marseille, France"
 terrain_nice: "Nice, France"
 terrain_rouen: "Rouen, France"
 terrain_strasbourg: "Strasbourg, France"
 terrain_toulouse: "Toulouse, France"
 terrain_versailles: "Versailles, France"
 terrain_bremen: "Bremen, Germany"
 terrain_dortmund: "Dortmund, Germany"
 terrain_dresden: "Dresden, Germany"
 terrain_essen: "Essen, Germany"
 terrain_frankfurt: "Frankfurt, Germany"
 terrain_hamburg: "Hamburg, Germany"
 terrain_hannover: "Hannover, Germany"
 terrain_kiel: "Kiel, Germany"
 terrain_koln: "Koln, Germany"
 terrain_munchen: "Munchen, Germany"
 terrain_nurnberg: "Nurnberg, Germany"
 terrain_rostock: "Rostock, Germany"
 terrain_stuttgart: "Stuttgart, Germany"
 terrain_chemnitz: "Chemnitz, Germany"
 terrain_magdeburg: "Magdeburg, Germany"
 terrain_dusseldorf: "Dusseldorf, Germany"
 terrain_port_au_prince: "Port au prince, Haiti"
 terrain_den_haag: "Den haag, Holland"
 terrain_amsterdam: "Amsterdam, Holland"
 terrain_rotterdam: "Rotterdam, Holland"
 terrain_antwerp: "Antwerp, Holland"
 terrain_breda: "Breda, Holland"
 terrain_skopje: "Skopje, Northern Macedonia"
 terrain_banjul: "Banjul, Gambia"
 terrain_accra: "Accra, Ghana"
 terrain_iraklion: "Iraklion, Greece"
 terrain_thessaloniki: "Thessaloniki, Greece"
 terrain_guatamela_city: "Guatamela city, Guatemala"
 terrain_tbilisi: "Tbilisi, Georgia"
 terrain_budapest: "Budapest, Hungría"
 terrain_szeged: "Szeged, Hungría"
 terrain_debrecen: "Debrecen, Hungría"
 terrain_ahvaz: "Ahvaz, Iran"
 terrain_isfahan: "Isfahan, Iran"
 terrain_mashhad: "Mashhad, Iran"
 terrain_shiraz: "Shiraz, Iran"
 terrain_tabriz: "Tabriz, Iran"
 terrain_tehran: "Tehran, Iran"
 terrain_baghdad: "Baghdad, Iraq"
 terrain_basrah: "Basrah, Iraq"
 terrain_mosul: "Mosul, Iraq"
 terrain_karbala: "Karbala, Iraq"
 terrain_fallujah: "Faluya, Iraq"
 terrain_dublin: "Dublin, Ireland"
 terrain_haifa: "Haifa, Israel"
 terrain_tel_aviv: "Tel aviv, Israel"
 terrain_florence: "Florencia, Italia"
 terrain_venice: "Venecia, Italia"
 terrain_milan: "Milán, Italia"
 terrain_genoa: "Génova, Italia"
 terrain_rome: "Roma, Italia"
 terrain_naples: "Nápoles, Italia"
 terrain_vatican: "Ciudad del Vaticano"
 terrain_palermo: "Palermo, Italia"
 terrain_cagilari: "Cagliari, Italy"
 terrain_torino: "Torino, Italy"
 terrain_bologne: "Bologne, Italy"
 terrain_taranto: "Taranto, Italy"
 terrain_trieste: "Trieste, Italy"
 terrain_srinagar: "Srinagar, India"
 terrain_ludhiana: "Ludhiana, India"
 terrain_delhi: "Delhi, India"
 terrain_agra: "Agra, India"
 terrain_ahmedabad: "Ahmedabad, India"
 terrain_kanpur: "Kanpur, India"
 terrain_patna: "Patna, India"
 terrain_mumbai: "Mumbai, India"
 terrain_hyderabad: "Hyderabad, India"
 terrain_bengaluru: "Bengaluru, India"
 terrain_kochi: "Kochi, India"
 terrain_chennai: "Chennai, India"
 terrain_kolkata: "Kolkata, India"
 terrain_jakarta: "Jakarta, Indonesia"
 terrain_surabaya: "Surabaya, Indonesia"
 terrain_kingston: "Kingston, Jamaica"
 terrain_fukuoka: "Fukuoka, Japan"
 terrain_kyoto: "Kyoto, Japan"
 terrain_matsuyama: "Matsuyama, Japan"
 terrain_naha: "Naha, Japan"
 terrain_osaka: "Osaka, Japan"
 terrain_sapporo: "Sapporo, Japan"
 terrain_sendai: "Sendai, Japan"
 terrain_tokyo: "Tokyo, Japan"
 terrain_yokohama: "Yokohama, Japan"
 terrain_hiroshima: "Hiroshima, Japan"
 terrain_amman: "Amman, Jordan"
 terrain_astana: "Astana, Kazakh"
 terrain_almaty: "Almaty, Kazakh"
 terrain_nairobi: "Nairobi, Kenya"
 terrain_erbil: "Erbil, Kurdistan"
 terrain_kuwait_city: "Kuwait city, Kuwait"
 terrain_bishkek: "Bishkek, Kyrgz"
 terrain_riga: "Riga, Latvia"
 terrain_vientiane: "Vientiane, Laos"
 terrain_beirut: "Beirut, Lebanon"
 terrain_benghazi: "Benghazi, Libya"
 terrain_tripoli: "Tripoli, Libya"
 terrain_vilnius: "Vilna, Lituania"
 terrain_kaunas: "Kaunas, Lituania"
 terrain_klaipeda: "Klaipeda, Lithuania"
 terrain_siauliai: "Siauliai, Lithuania"
 terrain_luxembourg_city: "Luxembourg city, Luxembourg"
 terrain_macau: "Macau, China"
 terrain_antananarivo: "Antananarivo, Madagascar"
 terrain_kuala_lumpur: "Kuala lumpur, Malaysia"
 terrain_bamako: "Bamako, Mali"
 terrain_mexico_city: "Mexico city, Mexico"
 terrain_guadalajara: "Guadalajara, Mexico"
 terrain_monterrey: "Monterrey, Mexico"
 terrain_tijuana: "Tijuana, Mexico"
 terrain_mexicali: "Mexicali, Mexico"
 terrain_kishinev: "Chisinau, Moldavia"
 terrain_komrat: "Komrat, Moldavia"
 terrain_cahul: "Cahul, Moldavia"
 terrain_balti: "Balti, Moldavia"
 terrain_monaco: "Monaco"
 terrain_ulan_bator: "Ulan bator, Mongolia"
 terrain_khovd: "Khovd, Mongolia"
 terrain_erdent: "Erdent, Mongolia"
 terrain_darkhan: "Darkhan, Mongolia"
 terrain_podgorica: "Podgorica, Montenegro"
 terrain_tangier: "Tangier, Morroco"
 terrain_casablanca: "Casablanca, Morroco"
 terrain_maputo: "Maputo, Mozambique"
 terrain_yangon: "Yangon, Myanmar"
 terrain_windhoek: "Windhoek, Namibia"
 terrain_mt_everest: "Moutain everest, Nepal"
 terrain_auckland: "Auckland, New Zealand"
 terrain_wellington: "Wellington, New Zealand"
 terrain_managua: "Managua, Nicaragua"
 terrain_abuja: "Abuja, Nigeria"
 terrain_kano: "Kano, Nigeria"
 terrain_lagos: "Lagos, Nigeria"
 terrain_oslo: "Oslo, Norway"
 terrain_bergen: "Bergen, Norway"
 terrain_pyongyang: "Pyongyang, North Korea"
 terrain_muscat: "Muscat, Oman"
 terrain_asuncion: "Asuncion, Paraguay"
 terrain_islamabad: "Islamabad, Pakistan"
 terrain_karachi: "Karachi, Pakistan"
 terrain_lahore: "Lahore, Pakistan"
 terrain_peshawar: "Peshawar, Pakistan"
 terrain_gaza: "Gaza, Palestine"
 terrain_panama_city: "Panama city, Panama"
 terrain_lima: "Lima, Peru"
 terrain_manila: "Manila, Philippines"
 terrain_warsaw: "Varsovia, Polonia"
 terrain_gdansk: "Gdansk, Polonia"
 terrain_bialystok: "Bialystok, Polonia"
 terrain_bydgoszcz: "Bydgoszcz, Polonia"
 terrain_czestochowa: "Czestochowa, Polonia"
 terrain_katowice: "Katowice, Polonia"
 terrain_krakow: "Cracovia, Polonia"
 terrain_lodz: "Lodz, Polonia"
 terrain_lublin: "Lublin, Polonia"
 terrain_poznan: "Poznan, Polonia"
 terrain_szczecin: "Szczecin, Polonia"
 terrain_wroclaw: "Wroclaw, Polonia"
 terrain_slupsk: "Slupsk, Polonia"
 terrain_elblag: "Elblag, Polonia"
 terrain_olsztyn: "Olsztyn, Polonia"
 terrain_suwalki: "Suwalki, Polonia"
 terrain_torun: "Torun, Polonia"
 terrain_plock: "Plock, Polonia"
 terrain_wloclawek: "Wloclawek, Polonia"
 terrain_gorzow: "Gorzów, Polonia"
 terrain_siedlce: "Siedlce, Polonia"
 terrain_algarve: "Algarve, Portgual"
 terrain_porto: "Porto, Portgual"
 terrain_doha: "Doha, Qatar"
 terrain_bucharest: "Bucarest, Rumanía"
 terrain_constanta: "Constanza, Rumanía"
 terrain_timisoara: "Timisoara, Rumanía"
 terrain_oradea: "Oradea, Rumanía"
 terrain_iasi: "Iasi, Rumanía"
 terrain_arad: "Arad, Rumanía"
 terrain_baia_mare: "Baia Mare, Rumanía"
 terrain_sibiu: "Sibiu, Rumanía"
 terrain_cluj_napoca: "Cluj-Napoca, Rumanía"
 terrain_craiova: "Craiova, Rumanía"
 terrain_galati: "Galati, Rumanía"
 terrain_bacau: "Bacau, Rumanía"
 terrain_brasov: "Brasov, Rumanía"
 terrain_buzau: "Buzau, Rumanía"
 terrain_targu_mures: "Targu Mures, Rumanía"
 terrain_braila: "Braila, Rumanía"
 terrain_botosani: "Botosani, Rumanía"
 terrain_satu_mare: "Satu Mare, Rumanía"
 terrain_ploiesti: "Ploiesti, Rumanía"
 terrain_pitesti: "Pitesti, Rumanía"
 terrain_chelyabinsk: "Chelyabinsk, Russia"
 terrain_yekaterinburg: "Yekaterinburg, Russia"
 terrain_perm: "Perm, Russia"
 terrain_irkutsk: "Irkutsk, Russia"
 terrain_kaliningrad: "Kaliningrad, Russia"
 terrain_kazan: "Kazan, Russia"
 terrain_khabarovsk: "Khabarovsk, Russia"
 terrain_krasnador: "Krasnador, Russia"
 terrain_krasnoyarsk: "Krasnoyarsk, Russia"
 terrain_kursk: "Kursk, Russia"
 terrain_murmansk: "Murmansk, Russia"
 terrain_nizhny_novgorod: "Nizhny novgorod, Russia"
 terrain_novosibirsk: "Novosibirsk, Russia"
 terrain_orel: "Orel, Russia"
 terrain_rostov: "Rostov, Russia"
 terrain_samara: "Samara, Russia"
 terrain_saratov: "Saratov, Russia"
 terrain_st_petersburg: "St petersburg, Russia"
 terrain_tomsk: "Tomsk, Russia"
 terrain_tver: "Tver, Russia"
 terrain_vladivostok: "Vladivostok, Russia"
 terrain_volgograd: "Volgograd, Russia"
 terrain_voronezh: "Voronezh, Russia"
 terrain_yaroslavl: "Yaroslavl, Russia"
 terrain_komsomolsk: "Komsomolsk, Russia"
 terrain_kigali: "Kigali, Rwanda"
 terrain_dammam: "Dammam, Saudi Arabia"
 terrain_jeddah: "Jeddah, Saudi Arabia"
 terrain_riyadh: "Riyadh, Saudi Arabia"
 terrain_dakar: "Dakar, Senegal"
 terrain_nis: "Nis, Serbia"
 terrain_belgrade: "Belgrade, Serbia"
 terrain_novi_sad: "Novi sad, Serbia"
 terrain_sarajevo: "Sarajevo, Serbia"
 terrain_bratislava: "Bratislava, Eslovaquia"
 terrain_kosice: "Kosice, Eslovaquia"
 terrain_ljubljana: "Ljubljana, Slovenia"
 terrain_cape_town: "Cape town, South Africa"
 terrain_durban: "Durban, South Africa"
 terrain_johannesburg: "Johannesburg, South Africa"
 terrain_pretoria: "Pretoria, South Africa"
 terrain_juba: "Juba, South Sudan"
 terrain_barcelona: "Barcelona, España"
 terrain_bilbao: "Bilbao, España"
 terrain_ceuta: "Ceuta, España"
 terrain_granada: "Granada, España"
 terrain_madrid: "Madrid, España"
 terrain_malaga: "Malaga, España"
 terrain_melilla: "Melilla, España"
 terrain_murcia: "Murcia, España"
 terrain_sevilla: "Sevilla, España"
 terrain_valencia: "Valencia, España"
 terrain_zaragoza: "Zaragoza, España"
 terrain_colombo: "Colombo, Sri Lanka"
 terrain_mogadishu: "Mogadishu, Somalia"
 terrain_khartoum: "Khartoum, Sudan"
 terrain_malmo: "Malmo, Sweden"
 terrain_goteborg: "Goteborg, Sweden"
 terrain_stockholm: "Stockholm, Sweden"
 terrain_basel: "Basel, Switzerland"
 terrain_geneve: "Geneve, Switzerland"
 terrain_zurich: "Zurich, Switzerland"
 terrain_daraa: "Daraa, Syria"
 terrain_damascus: "Damascus, Syria"
 terrain_deir_ez_zor: "Deir ez zor, Syria"
 terrain_idlib: "Idlib, Syria"
 terrain_homs: "Homs, Syria"
 terrain_raqqa: "Raqqa, Syria"
 terrain_dar_es_salaam: "Dar es salaam, Tanzania"
 terrain_kilimanjaro: "Kilimanjaro, Tanzania"
 terrain_mwanza: "Mwanza, Tanzania"
 terrain_bangkok: "Bangkok, Thailand"
 terrain_taibei: "Taibei, Taiwan"
 terrain_tunis: "Tunis, Tunisia"
 terrain_tiraspol: "Tiraspol, Transnistria"
 terrain_adana: "Adana, Turkey"
 terrain_ankara: "Ankara, Turkey"
 terrain_antalya: "Antalya, Turkey"
 terrain_bursa: "Bursa, Turkey"
 terrain_diyarbakir: "Diyarbakir, Turkey"
 terrain_izmir: "Izmir, Turkey"
 terrain_izmit: "Izmit, Turkey"
 terrain_kayseri: "Kayseri, Turkey"
 terrain_konya: "Konya, Turkey"
 terrain_trabzon: "Trabzon, Turkey"
 terrain_uskudar: "Uskudar, Turkey"
 terrain_ashgabat: "Ashgabat, Turkmenistan"
 terrain_abu_dhabi: "Abu dhabi, UAE"
 terrain_dubai: "Dubai, UAE"
 terrain_kiev: "Kiev, Ucrania"
 terrain_dnipro: "Dnipro, Ukraine"
 terrain_donestk: "Donestk, Ukraine"
 terrain_lwow: "Lwow, Ukraine"
 terrain_sevastpol: "Sevastpol, Ukraine"
 terrain_chernivtsi: "Chernivtsi, Ucrania"
 terrain_odessa: "Odesa, Ucrania"
 terrain_ivanofrankvisk: "Ivano-Frankvisk, Ucrania"
 terrain_kampala: "Kampala, Uganda"
 terrain_montevideo: "Montevideo, Uruguay"
 terrain_tashkent: "Tashkent, Uzbekistan"
 terrain_samarkand: "Samarkand, Uzbekistan"
 terrain_gibraltar: "Gibraltar, UK"
 terrain_belfast: "Belfast, UK"
 terrain_birmingham: "Birmingham, UK"
 terrain_cambridge: "Cambridge, UK"
 terrain_cardiff: "Cardiff, UK"
 terrain_leeds: "Leeds, UK"
 terrain_liverpool: "Liverpool, UK"
 terrain_manchester: "Manchester, UK"
 terrain_newcastle: "Newcastle, UK"
 terrain_nottingham: "Nottingham, UK"
 terrain_oxford: "Oxford, UK"
 terrain_sheffield: "Sheffield, UK"
 terrain_george_town: "George town, UK"
 terrain_saint_george: "Saint george, UK"
 terrain_edinburgh: "Edinburgh, UK"
 terrain_glasgow: "Glasgow, UK"
 terrain_atlanta: "Atlanta, USA"
 terrain_austin: "Austin, USA"
 terrain_baltimore: "Baltimore, USA"
 terrain_boston: "Boston, USA"
 terrain_buffalo: "Buffalo, USA"
 terrain_cleveland: "Cleveland, USA"
 terrain_dallas: "Dallas, USA"
 terrain_denver: "Denver, USA"
 terrain_detroit: "Detroit, USA"
 terrain_houston: "Houston, USA"
 terrain_indianapolis: "Indianapolis, USA"
 terrain_kansas_city: "Kansas city, USA"
 terrain_los_angeles: "Los angeles, USA"
 terrain_miami: "Miami, USA"
 terrain_key_west: "Key west, USA"
 terrain_minneapolis: "Minneapolis, USA"
 terrain_mission_viejo: "Mission viejo, USA"
 terrain_new_orleans: "New orleans, USA"
 terrain_new_york: "New york, USA"
 terrain_newark: "Newark, USA"
 terrain_oakland: "Oakland, USA"
 terrain_oklahoma_city: "Oklahoma city, USA"
 terrain_philadelphia: "Philadelphia, USA"
 terrain_phoneix: "Phoneix, USA"
 terrain_pittsburgh: "Pittsburgh, USA"
 terrain_portland: "Portland, USA"
 terrain_riverside: "Riverside, USA"
 terrain_sacramento: "Sacramento, USA"
 terrain_san_antonio: "San antonio, USA"
 terrain_san_diego: "San diego, USA"
 terrain_san_francisco: "San francisco, USA"
 terrain_seattle: "Seattle, USA"
 terrain_st_louis: "St louis, USA"
 terrain_tampa: "Tampa, USA"
 terrain_las_vegas: "Las vegas, USA"
 terrain_washington_dc: "Washington dc, USA"
 terrain_san_juan: "San juan, USA"
 terrain_charlotte_amalie: "Charlotte amalie, USA"
 terrain_hanoi: "Hanoi, Vietnam"
 terrain_ho_chi_minh: "Ho chi minh, Vietnam"
 terrain_caracas: "Caracas, Venezuela"
 terrain_maracaibo: "Maracaibo, Venezuela"
 terrain_aden: "Aden, Yemen"
 terrain_sanaa: "Sanaa, Yemen"
 terrain_lusaka: "Lusaka, Zambia"
 terrain_bulawayo: "Bulawayo, Zimbabwe"
 terrain_harare: "Harare, Zimbabwe"
 terrain_suzhou: "Suzhou, China"
 terrain_yangzhou: "Yangzhou, China"
 terrain_yinchuan: "Yinchuan, China"
 terrain_zhuhai: "Zhuhai, China"